Path	Name	Translate
/	Uncategorized	دسته بندی نشده
/Arts & Entertainment	Arts & Entertainment	هنر و سرگرمی
/Arts & Entertainment/Celebrities & Entertainment News	Celebrities & Entertainment News	چهره ها و اخبار سرگرمی
/Arts & Entertainment/Comics & Animation	Comics & Animation	کمیک و انیمیشن
/Arts & Entertainment/Comics & Animation/Anime & Manga	Anime & Manga	انیمه و مانگا
/Arts & Entertainment/Comics & Animation/Cartoons	Cartoons	کارتون
/Arts & Entertainment/Comics & Animation/Comics	Comics	کامیک
/Arts & Entertainment/Entertainment Industry	Entertainment Industry	صنعت سرگرسی
/Arts & Entertainment/Entertainment Industry/Film & TV Industry	Film & TV Industry	فیلم و صنعت تلویزیون
/Arts & Entertainment/Entertainment Industry/Film & TV Industry/Film & TV Awards	Film & TV Awards	جوایز فیلم و تلویزیون
/Arts & Entertainment/Entertainment Industry/Film & TV Industry/Film & TV Production	Film & TV Production	تولیدات فیلم و تلویزیونی
/Arts & Entertainment/Entertainment Industry/Recording Industry	Recording Industry	صنعت ضبط
/Arts & Entertainment/Entertainment Industry/Recording Industry/Music Awards	Music Awards	جوایز موسیقی
/Arts & Entertainment/Entertainment Industry/Recording Industry/Record Labels	Record Labels	ناشر موسیقی
